{"initial_reset_timestamp": 12149.8676636, "timestamps": [12167.5317214, 12184.821413, 12202.2280203, 12219.6023013, 12237.0578884, 12254.6836349, 12272.1706479, 12289.6613058, 12307.3519095, 12324.8572566], "episode_lengths": [500, 500, 500, 500, 500, 500, 500, 500, 500, 500], "episode_rewards": [500.0, 500.0, 500.0, 500.0, 500.0, 500.0, 500.0, 500.0, 500.0, 500.0], "episode_types": ["t", "t", "t", "t", "t", "t", "t", "t", "t", "t"]}