{"initial_reset_timestamp": 11550.6547692, "timestamps": [11568.3424846, 11585.9498127, 11603.1896687, 11616.994927, 11634.2844447, 11651.5249185, 11665.4801327, 11670.9819303, 11687.6546523, 11705.0802581], "episode_lengths": [500, 500, 500, 400, 500, 500, 404, 153, 480, 500], "episode_rewards": [500.0, 500.0, 500.0, 400.0, 500.0, 500.0, 404.0, 153.0, 480.0, 500.0], "episode_types": ["t", "t", "t", "t", "t", "t", "t", "t", "t", "t"]}