{"initial_reset_timestamp": 13478.7470006, "timestamps": [13496.5087017, 13513.8639193, 13531.3204185, 13549.0098592, 13566.683635, 13584.0062766, 13601.5792296, 13615.3516228, 13632.6416497, 13649.9979283], "episode_lengths": [500, 500, 500, 500, 500, 500, 500, 398, 500, 500], "episode_rewards": [500.0, 500.0, 500.0, 500.0, 500.0, 500.0, 500.0, 398.0, 500.0, 500.0], "episode_types": ["t", "t", "t", "t", "t", "t", "t", "t", "t", "t"]}