{"initial_reset_timestamp": 11199.0931776, "timestamps": [11216.996652, 11234.4548552, 11251.959634, 11269.5338422, 11287.107496, 11304.5457847, 11322.1028006, 11339.6415875, 11356.9825881, 11374.4213873], "episode_lengths": [500, 500, 500, 500, 500, 500, 500, 500, 500, 500], "episode_rewards": [500.0, 500.0, 500.0, 500.0, 500.0, 500.0, 500.0, 500.0, 500.0, 500.0], "episode_types": ["t", "t", "t", "t", "t", "t", "t", "t", "t", "t"]}