{"initial_reset_timestamp": 8273.4173395, "timestamps": [8291.2965728, 8308.5549786, 8318.92372, 8330.0268534, 8347.3192296, 8364.7904497, 8382.0467209, 8399.5699207, 8416.8786202, 8421.9795175], "episode_lengths": [500, 500, 298, 319, 500, 500, 500, 500, 500, 144], "episode_rewards": [500.0, 500.0, 298.0, 319.0, 500.0, 500.0, 500.0, 500.0, 500.0, 144.0], "episode_types": ["t", "t", "t", "t", "t", "t", "t", "t", "t", "t"]}